[{"pk": 1, "model": "contenttypes.contenttype", "fields": {"model": "permission", "name": "permission", "app_label": "auth"}}, {"pk": 2, "model": "contenttypes.contenttype", "fields": {"model": "group", "name": "group", "app_label": "auth"}}, {"pk": 3, "model": "contenttypes.contenttype", "fields": {"model": "user", "name": "user", "app_label": "auth"}}, {"pk": 4, "model": "contenttypes.contenttype", "fields": {"model": "contenttype", "name": "content type", "app_label": "contenttypes"}}, {"pk": 5, "model": "contenttypes.contenttype", "fields": {"model": "session", "name": "session", "app_label": "sessions"}}, {"pk": 6, "model": "contenttypes.contenttype", "fields": {"model": "site", "name": "site", "app_label": "sites"}}, {"pk": 7, "model": "contenttypes.contenttype", "fields": {"model": "logentry", "name": "log entry", "app_label": "admin"}}, {"pk": 8, "model": "contenttypes.contenttype", "fields": {"model": "address", "name": "Adresse", "app_label": "contacts"}}, {"pk": 9, "model": "contenttypes.contenttype", "fields": {"model": "category", "name": "Category", "app_label": "contacts"}}, {"pk": 10, "model": "contenttypes.contenttype", "fields": {"model": "contacttype", "name": "contact type", "app_label": "contacts"}}, {"pk": 11, "model": "contenttypes.contenttype", "fields": {"model": "contactdata", "name": "Contact Data", "app_label": "contacts"}}, {"pk": 12, "model": "contenttypes.contenttype", "fields": {"model": "contactdatafulltext", "name": "contact data fulltext", "app_label": "contacts"}}, {"pk": 13, "model": "contenttypes.contenttype", "fields": {"model": "image", "name": "Image", "app_label": "menues"}}, {"pk": 14, "model": "contenttypes.contenttype", "fields": {"model": "menu", "name": "Menu", "app_label": "menues"}}, {"pk": 15, "model": "contenttypes.contenttype", "fields": {"model": "metainfos", "name": "Meta Info", "app_label": "menues"}}, {"pk": 16, "model": "contenttypes.contenttype", "fields": {"model": "project", "name": "project", "app_label": "projects"}}, {"pk": 17, "model": "contenttypes.contenttype", "fields": {"model": "projadrtyp", "name": "proj adr typ", "app_label": "projects"}}, {"pk": 18, "model": "contenttypes.contenttype", "fields": {"model": "projectaddress", "name": "project address", "app_label": "projects"}}, {"pk": 19, "model": "contenttypes.contenttype", "fields": {"model": "projdoc", "name": "proj doc", "app_label": "projects"}}, {"pk": 20, "model": "contenttypes.contenttype", "fields": {"model": "projdatalayer", "name": "proj data layer", "app_label": "projects"}}, {"pk": 21, "model": "contenttypes.contenttype", "fields": {"model": "projtask", "name": "proj task", "app_label": "projects"}}, {"pk": 22, "model": "contenttypes.contenttype", "fields": {"model": "projstruct", "name": "proj struct", "app_label": "projects"}}, {"pk": 23, "model": "contenttypes.contenttype", "fields": {"model": "projdata", "name": "proj data", "app_label": "projects"}}, {"pk": 24, "model": "contenttypes.contenttype", "fields": {"model": "authorisestruct", "name": "authorise struct", "app_label": "tasks"}}, {"pk": 25, "model": "contenttypes.contenttype", "fields": {"model": "tasktype", "name": "task type", "app_label": "tasks"}}, {"pk": 26, "model": "contenttypes.contenttype", "fields": {"model": "task", "name": "task", "app_label": "tasks"}}, {"pk": 27, "model": "contenttypes.contenttype", "fields": {"model": "taskdoc", "name": "task doc", "app_label": "tasks"}}, {"pk": 28, "model": "contenttypes.contenttype", "fields": {"model": "tasktemplatefields", "name": "task template fields", "app_label": "tasks"}}, {"pk": 29, "model": "contenttypes.contenttype", "fields": {"model": "doctype", "name": "doc type", "app_label": "docs"}}, {"pk": 30, "model": "contenttypes.contenttype", "fields": {"model": "doc", "name": "doc", "app_label": "docs"}}, {"pk": 31, "model": "contenttypes.contenttype", "fields": {"model": "setting", "name": "setting", "app_label": "usrsettings"}}, {"pk": "2tapmg6qtrhyjnf0gp8vmqf9fhofdr3b", "model": "sessions.session", "fields": {"expire_date": "2014-04-04T17:32:31.447Z", "session_data": "MjVkNDBmNDA3YWUyMzA0YmE0YTU4YTUxNTRkNjJiMDE1NWNhY2FlYTp7fQ=="}}, {"pk": "51cu3or0fq8ovmi19vhqsui7xfpcahuo", "model": "sessions.session", "fields": {"expire_date": "2014-04-02T19:16:54.375Z", "session_data": "MjVkNDBmNDA3YWUyMzA0YmE0YTU4YTUxNTRkNjJiMDE1NWNhY2FlYTp7fQ=="}}, {"pk": "58sh5thj3jawwcihpad0pcgdemf3tc86", "model": "sessions.session", "fields": {"expire_date": "2014-04-02T19:43:03.302Z", "session_data": "MjVkNDBmNDA3YWUyMzA0YmE0YTU4YTUxNTRkNjJiMDE1NWNhY2FlYTp7fQ=="}}, {"pk": "5wu8o96rmm3oxgt6nzz2nn3zloxxhkuc", "model": "sessions.session", "fields": {"expire_date": "2014-04-02T19:48:07.514Z", "session_data": "NDFkOGM3N2Q3ODdlNmE2ZDhmOWQ0ZTIxOTYzZGRhZWRjZmFmNGNhYzp7Il9hdXRoX3VzZXJfYmFja2VuZCI6ImRqYW5nby5jb250cmliLmF1dGguYmFja2VuZHMuTW9kZWxCYWNrZW5kIiwiX2F1dGhfdXNlcl9pZCI6MX0="}}, {"pk": "625umabv45j5ykg5jb4inakg94q1zxgt", "model": "sessions.session", "fields": {"expire_date": "2014-04-02T19:41:48.935Z", "session_data": "MjVkNDBmNDA3YWUyMzA0YmE0YTU4YTUxNTRkNjJiMDE1NWNhY2FlYTp7fQ=="}}, {"pk": "ak0em6kcheytvsywu6maul04tf02gxkv", "model": "sessions.session", "fields": {"expire_date": "2014-04-02T19:08:01.162Z", "session_data": "MjVkNDBmNDA3YWUyMzA0YmE0YTU4YTUxNTRkNjJiMDE1NWNhY2FlYTp7fQ=="}}, {"pk": "dnoq028p1qunhgbs3sv034ngt8qk6ol7", "model": "sessions.session", "fields": {"expire_date": "2014-04-04T17:50:01.379Z", "session_data": "NDFkOGM3N2Q3ODdlNmE2ZDhmOWQ0ZTIxOTYzZGRhZWRjZmFmNGNhYzp7Il9hdXRoX3VzZXJfYmFja2VuZCI6ImRqYW5nby5jb250cmliLmF1dGguYmFja2VuZHMuTW9kZWxCYWNrZW5kIiwiX2F1dGhfdXNlcl9pZCI6MX0="}}, {"pk": "drz8tz5tzjf7jmlghmh3w8crf8gphz04", "model": "sessions.session", "fields": {"expire_date": "2014-04-02T19:13:49.434Z", "session_data": "MjVkNDBmNDA3YWUyMzA0YmE0YTU4YTUxNTRkNjJiMDE1NWNhY2FlYTp7fQ=="}}, {"pk": "fvq00y6j328fe8vn50sp1ajy81zzo43y", "model": "sessions.session", "fields": {"expire_date": "2014-04-02T19:23:09.619Z", "session_data": "MjVkNDBmNDA3YWUyMzA0YmE0YTU4YTUxNTRkNjJiMDE1NWNhY2FlYTp7fQ=="}}, {"pk": "ipnt5asiy7kld49nt7a4zlrcn540yj6y", "model": "sessions.session", "fields": {"expire_date": "2014-04-02T19:42:29.334Z", "session_data": "MjVkNDBmNDA3YWUyMzA0YmE0YTU4YTUxNTRkNjJiMDE1NWNhY2FlYTp7fQ=="}}, {"pk": "jdaiyvrqwvoqxl15sscbnt38gbsu2dop", "model": "sessions.session", "fields": {"expire_date": "2014-04-04T17:18:53.637Z", "session_data": "MjVkNDBmNDA3YWUyMzA0YmE0YTU4YTUxNTRkNjJiMDE1NWNhY2FlYTp7fQ=="}}, {"pk": "lzpwkh8c58vzv1g1ydu9i4kjzb99sxy0", "model": "sessions.session", "fields": {"expire_date": "2014-04-02T19:19:44.805Z", "session_data": "MjVkNDBmNDA3YWUyMzA0YmE0YTU4YTUxNTRkNjJiMDE1NWNhY2FlYTp7fQ=="}}, {"pk": "mun7udxwesgsadahw3mg73rfik2cjwgf", "model": "sessions.session", "fields": {"expire_date": "2014-04-04T17:31:44.888Z", "session_data": "MjVkNDBmNDA3YWUyMzA0YmE0YTU4YTUxNTRkNjJiMDE1NWNhY2FlYTp7fQ=="}}, {"pk": "nh4oao0v29gxr7tosjz74kslm7ikduiu", "model": "sessions.session", "fields": {"expire_date": "2014-04-02T19:13:54.387Z", "session_data": "MjVkNDBmNDA3YWUyMzA0YmE0YTU4YTUxNTRkNjJiMDE1NWNhY2FlYTp7fQ=="}}, {"pk": "ny7h42ldw593xwexc7evnmrn0l72rg2s", "model": "sessions.session", "fields": {"expire_date": "2014-04-02T20:38:47.126Z", "session_data": "NDFkOGM3N2Q3ODdlNmE2ZDhmOWQ0ZTIxOTYzZGRhZWRjZmFmNGNhYzp7Il9hdXRoX3VzZXJfYmFja2VuZCI6ImRqYW5nby5jb250cmliLmF1dGguYmFja2VuZHMuTW9kZWxCYWNrZW5kIiwiX2F1dGhfdXNlcl9pZCI6MX0="}}, {"pk": "ov7pvh8og8751ko4f41ylj1z1fwwfpwi", "model": "sessions.session", "fields": {"expire_date": "2014-04-02T19:09:24.442Z", "session_data": "MjVkNDBmNDA3YWUyMzA0YmE0YTU4YTUxNTRkNjJiMDE1NWNhY2FlYTp7fQ=="}}, {"pk": "q5riw8ndgsnt60r00250xj4lpo8d63p5", "model": "sessions.session", "fields": {"expire_date": "2014-04-02T19:12:44.339Z", "session_data": "MjVkNDBmNDA3YWUyMzA0YmE0YTU4YTUxNTRkNjJiMDE1NWNhY2FlYTp7fQ=="}}, {"pk": "qapybj3bwb3tp813aks6uoo2ysqdofl4", "model": "sessions.session", "fields": {"expire_date": "2014-04-02T19:43:57.744Z", "session_data": "MjVkNDBmNDA3YWUyMzA0YmE0YTU4YTUxNTRkNjJiMDE1NWNhY2FlYTp7fQ=="}}, {"pk": "qwu2wfr1vg7k9v7hjlcst474l2veru3q", "model": "sessions.session", "fields": {"expire_date": "2014-04-02T19:19:52.918Z", "session_data": "MjVkNDBmNDA3YWUyMzA0YmE0YTU4YTUxNTRkNjJiMDE1NWNhY2FlYTp7fQ=="}}, {"pk": "rexwh9l9n7wknof8igl9wgcw0obrdloq", "model": "sessions.session", "fields": {"expire_date": "2014-04-04T17:26:58.609Z", "session_data": "MjVkNDBmNDA3YWUyMzA0YmE0YTU4YTUxNTRkNjJiMDE1NWNhY2FlYTp7fQ=="}}, {"pk": "seurvbfknly4fmwsub52te1lyv3ye4pe", "model": "sessions.session", "fields": {"expire_date": "2014-04-04T17:28:43.704Z", "session_data": "MjVkNDBmNDA3YWUyMzA0YmE0YTU4YTUxNTRkNjJiMDE1NWNhY2FlYTp7fQ=="}}, {"pk": "vfxxdv44251q7fguwxc5d8ibflklisp3", "model": "sessions.session", "fields": {"expire_date": "2014-04-02T19:05:57.578Z", "session_data": "MjVkNDBmNDA3YWUyMzA0YmE0YTU4YTUxNTRkNjJiMDE1NWNhY2FlYTp7fQ=="}}, {"pk": "y4o438f95lyp0f8dyicpzn6sqavj014e", "model": "sessions.session", "fields": {"expire_date": "2014-04-04T17:39:40.291Z", "session_data": "MjVkNDBmNDA3YWUyMzA0YmE0YTU4YTUxNTRkNjJiMDE1NWNhY2FlYTp7fQ=="}}, {"pk": "y5ocx1wbl4pj1iixziatzeicbwfuc6gd", "model": "sessions.session", "fields": {"expire_date": "2014-04-04T17:37:04.799Z", "session_data": "MjVkNDBmNDA3YWUyMzA0YmE0YTU4YTUxNTRkNjJiMDE1NWNhY2FlYTp7fQ=="}}, {"pk": 1, "model": "sites.site", "fields": {"domain": "example.com", "name": "example.com"}}, {"pk": 1, "model": "contacts.address", "fields": {"adr_searchname": "oerb", "adr_email": "bjoern@oerb.de"}}, {"pk": 2, "model": "contacts.address", "fields": {"adr_searchname": "Ruf den Maler", "adr_email": "ruf@maler.de"}}, {"pk": 3, "model": "contacts.address", "fields": {"adr_searchname": "Oerb", "adr_email": "bjoern@oerb.de"}}, {"pk": 1, "model": "contacts.category", "fields": {"ca_name": "Firma", "ca_description": ""}}, {"pk": 2, "model": "contacts.category", "fields": {"ca_name": "Privat", "ca_description": ""}}, {"pk": 1, "model": "contacts.contacttype", "fields": {"ct_sort_id": 1, "ct_viewshown": false, "ct_info": "", "ct_category_id": 2, "ct_name": "Firma"}}, {"pk": 2, "model": "contacts.contacttype", "fields": {"ct_sort_id": 2, "ct_viewshown": false, "ct_info": "", "ct_category_id": 1, "ct_name": "Name"}}, {"pk": 3, "model": "contacts.contacttype", "fields": {"ct_sort_id": 3, "ct_viewshown": false, "ct_info": "", "ct_category_id": 1, "ct_name": "PLZ"}}, {"pk": 4, "model": "contacts.contacttype", "fields": {"ct_sort_id": 4, "ct_viewshown": false, "ct_info": "", "ct_category_id": 1, "ct_name": "Ort"}}, {"pk": 5, "model": "contacts.contacttype", "fields": {"ct_sort_id": 7, "ct_viewshown": false, "ct_info": "", "ct_category_id": 1, "ct_name": "Strasse"}}, {"pk": 6, "model": "contacts.contacttype", "fields": {"ct_sort_id": 8, "ct_viewshown": false, "ct_info": "", "ct_category_id": 1, "ct_name": "PLZ-Postbox"}}, {"pk": 7, "model": "contacts.contacttype", "fields": {"ct_sort_id": 10, "ct_viewshown": true, "ct_info": "", "ct_category_id": 1, "ct_name": "Fax"}}, {"pk": 8, "model": "contacts.contacttype", "fields": {"ct_sort_id": 11, "ct_viewshown": false, "ct_info": "", "ct_category_id": 1, "ct_name": "Land"}}, {"pk": 9, "model": "contacts.contacttype", "fields": {"ct_sort_id": 2, "ct_viewshown": false, "ct_info": "", "ct_category_id": 1, "ct_name": "Anrede"}}, {"pk": 1, "model": "contacts.contactdata", "fields": {"cd_address_id": 1, "cd_contacttype_id": 1, "cd_textfield": "Chaosdorf"}}, {"pk": 2, "model": "contacts.contactdata", "fields": {"cd_address_id": 1, "cd_contacttype_id": 2, "cd_textfield": "The Real Oerb"}}, {"pk": 3, "model": "contacts.contactdata", "fields": {"cd_address_id": 1, "cd_contacttype_id": 3, "cd_textfield": "6747656"}}, {"pk": 4, "model": "contacts.contactdata", "fields": {"cd_address_id": 1, "cd_contacttype_id": 4, "cd_textfield": "Amunson"}}, {"pk": 5, "model": "contacts.contactdata", "fields": {"cd_address_id": 1, "cd_contacttype_id": 5, "cd_textfield": "Norderdeich 2"}}, {"pk": 6, "model": "contacts.contactdata", "fields": {"cd_address_id": 1, "cd_contacttype_id": 6, "cd_textfield": "456578"}}, {"pk": 7, "model": "contacts.contactdata", "fields": {"cd_address_id": 1, "cd_contacttype_id": 7, "cd_textfield": "88432987"}}, {"pk": 8, "model": "contacts.contactdata", "fields": {"cd_address_id": 1, "cd_contacttype_id": 8, "cd_textfield": "Rotland"}}, {"pk": 9, "model": "contacts.contactdata", "fields": {"cd_address_id": 1, "cd_contacttype_id": 9, "cd_textfield": "Herr"}}, {"pk": 10, "model": "contacts.contactdata", "fields": {"cd_address_id": 2, "cd_contacttype_id": 1, "cd_textfield": "Ruf den Maler GmbH"}}, {"pk": 11, "model": "contacts.contactdata", "fields": {"cd_address_id": 2, "cd_contacttype_id": 2, "cd_textfield": "M\u00fcller"}}, {"pk": 12, "model": "contacts.contactdata", "fields": {"cd_address_id": 2, "cd_contacttype_id": 3, "cd_textfield": "466578"}}, {"pk": 13, "model": "contacts.contactdata", "fields": {"cd_address_id": 2, "cd_contacttype_id": 4, "cd_textfield": "Essen"}}, {"pk": 14, "model": "contacts.contactdata", "fields": {"cd_address_id": 2, "cd_contacttype_id": 5, "cd_textfield": "Zechenweg 2"}}, {"pk": 15, "model": "contacts.contactdata", "fields": {"cd_address_id": 2, "cd_contacttype_id": 6, "cd_textfield": "65456"}}, {"pk": 16, "model": "contacts.contactdata", "fields": {"cd_address_id": 2, "cd_contacttype_id": 7, "cd_textfield": "455664"}}, {"pk": 17, "model": "contacts.contactdata", "fields": {"cd_address_id": 2, "cd_contacttype_id": 8, "cd_textfield": "Germany"}}, {"pk": 18, "model": "contacts.contactdata", "fields": {"cd_address_id": 2, "cd_contacttype_id": 9, "cd_textfield": "Herr"}}, {"pk": 19, "model": "contacts.contactdata", "fields": {"cd_address_id": 3, "cd_contacttype_id": 1, "cd_textfield": "CCC D\u00fcsseldorf / Chaosdorf"}}, {"pk": 20, "model": "contacts.contactdata", "fields": {"cd_address_id": 3, "cd_contacttype_id": 2, "cd_textfield": "The Real Oerb"}}, {"pk": 21, "model": "contacts.contactdata", "fields": {"cd_address_id": 3, "cd_contacttype_id": 3, "cd_textfield": ""}}, {"pk": 22, "model": "contacts.contactdata", "fields": {"cd_address_id": 3, "cd_contacttype_id": 4, "cd_textfield": "D\u00fcdorf"}}, {"pk": 23, "model": "contacts.contactdata", "fields": {"cd_address_id": 3, "cd_contacttype_id": 5, "cd_textfield": "H\u00fcttenstr"}}, {"pk": 24, "model": "contacts.contactdata", "fields": {"cd_address_id": 3, "cd_contacttype_id": 6, "cd_textfield": ""}}, {"pk": 25, "model": "contacts.contactdata", "fields": {"cd_address_id": 3, "cd_contacttype_id": 7, "cd_textfield": "0000"}}, {"pk": 26, "model": "contacts.contactdata", "fields": {"cd_address_id": 3, "cd_contacttype_id": 8, "cd_textfield": ""}}, {"pk": 27, "model": "contacts.contactdata", "fields": {"cd_address_id": 3, "cd_contacttype_id": 9, "cd_textfield": "Herr"}}, {"pk": 1, "model": "menues.menu", "fields": {"description": "", "parent": null, "level": 1, "date_last_edit": "2014-03-19T19:32:56.943Z", "linkintern": false, "menu_hide": false, "link": "", "date_creation": "2014-03-19T19:32:56.943Z", "subject": "Adressen"}}, {"pk": 2, "model": "menues.menu", "fields": {"description": "", "parent": null, "level": 1, "date_last_edit": "2014-03-19T19:33:07.310Z", "linkintern": false, "menu_hide": false, "link": "", "date_creation": "2014-03-19T19:33:07.310Z", "subject": "Aufgaben"}}, {"pk": 3, "model": "menues.menu", "fields": {"description": "", "parent": 1, "level": 2, "date_last_edit": "2014-03-19T19:33:56.015Z", "linkintern": true, "menu_hide": false, "link": "proj_contacts", "date_creation": "2014-03-19T19:33:56.015Z", "subject": "Projekt Adressen"}}, {"pk": 4, "model": "menues.menu", "fields": {"description": "", "parent": 2, "level": 2, "date_last_edit": "2014-03-19T19:34:18.263Z", "linkintern": true, "menu_hide": false, "link": "proj_tasks", "date_creation": "2014-03-19T19:34:18.263Z", "subject": "Projekt Tasks"}}, {"pk": 5, "model": "menues.menu", "fields": {"description": "", "parent": 1, "level": 2, "date_last_edit": "2014-03-19T19:34:46.093Z", "linkintern": true, "menu_hide": false, "link": "new_contact", "date_creation": "2014-03-19T19:34:46.093Z", "subject": "Neue Adresse"}}, {"pk": 6, "model": "menues.menu", "fields": {"description": "", "parent": 2, "level": 2, "date_last_edit": "2014-03-19T19:35:04.866Z", "linkintern": true, "menu_hide": false, "link": "new_task", "date_creation": "2014-03-19T19:35:04.866Z", "subject": "Neue Aufgabe"}}, {"pk": 1, "model": "projects.project", "fields": {"pro_info": "", "pro_date": "2014-03-19", "pro_done_date": null, "pro_hide": false, "pro_name": "065 - Mod 2014 Wohlauerstr. 32, Hilden"}}, {"pk": 2, "model": "projects.project", "fields": {"pro_info": "", "pro_date": "2014-03-19", "pro_done_date": null, "pro_hide": false, "pro_name": "001"}}, {"pk": 1, "model": "projects.projadrtyp", "fields": {"pat_info": "", "pat_name": "Handwerker"}}, {"pk": 1, "model": "projects.projectaddress", "fields": {"pa_adrtype": 1, "pa_adr_id": 1, "pa_projid": 1}}, {"pk": 2, "model": "projects.projectaddress", "fields": {"pa_adrtype": 1, "pa_adr_id": 2, "pa_projid": 1}}, {"pk": 1, "model": "projects.projtask", "fields": {"pt_projid": 1, "pt_taskid": 1}}, {"pk": 2, "model": "projects.projtask", "fields": {"pt_projid": 1, "pt_taskid": 2}}, {"pk": 3, "model": "projects.projtask", "fields": {"pt_projid": 1, "pt_taskid": 3}}, {"pk": 4, "model": "projects.projtask", "fields": {"pt_projid": 1, "pt_taskid": 4}}, {"pk": 1, "model": "tasks.tasktype", "fields": {"tt_info": "", "tt_authstruct_id": 1, "tt_name": "M\u00e4ngelr\u00fcge \u00a74", "tt_template": "tasks/typedprint/mangel_p4.html"}}, {"pk": 2, "model": "tasks.tasktype", "fields": {"tt_info": "", "tt_authstruct_id": 1, "tt_name": "Anschreiben", "tt_template": "tasks/typedprint/anschreiben.html"}}, {"pk": 1, "model": "tasks.tasktemplatefields", "fields": {"ttf_postboxzip": 6, "ttf_fax": 7, "ttf_form_of_adr": 9, "ttf_name": 2, "ttf_country": 8, "ttf_city": 4, "ttf_zipcode": 3, "ttf_company": 1}}, {"pk": 1, "model": "docs.doc", "fields": {"doc_subject": "test", "doc_file": "docs/upload_f2.png"}}, {"pk": 1, "model": "auth.permission", "fields": {"codename": "add_permission", "name": "Can add permission", "content_type": 1}}, {"pk": 2, "model": "auth.permission", "fields": {"codename": "change_permission", "name": "Can change permission", "content_type": 1}}, {"pk": 3, "model": "auth.permission", "fields": {"codename": "delete_permission", "name": "Can delete permission", "content_type": 1}}, {"pk": 4, "model": "auth.permission", "fields": {"codename": "add_group", "name": "Can add group", "content_type": 2}}, {"pk": 5, "model": "auth.permission", "fields": {"codename": "change_group", "name": "Can change group", "content_type": 2}}, {"pk": 6, "model": "auth.permission", "fields": {"codename": "delete_group", "name": "Can delete group", "content_type": 2}}, {"pk": 7, "model": "auth.permission", "fields": {"codename": "add_user", "name": "Can add user", "content_type": 3}}, {"pk": 8, "model": "auth.permission", "fields": {"codename": "change_user", "name": "Can change user", "content_type": 3}}, {"pk": 9, "model": "auth.permission", "fields": {"codename": "delete_user", "name": "Can delete user", "content_type": 3}}, {"pk": 10, "model": "auth.permission", "fields": {"codename": "add_contenttype", "name": "Can add content type", "content_type": 4}}, {"pk": 11, "model": "auth.permission", "fields": {"codename": "change_contenttype", "name": "Can change content type", "content_type": 4}}, {"pk": 12, "model": "auth.permission", "fields": {"codename": "delete_contenttype", "name": "Can delete content type", "content_type": 4}}, {"pk": 13, "model": "auth.permission", "fields": {"codename": "add_session", "name": "Can add session", "content_type": 5}}, {"pk": 14, "model": "auth.permission", "fields": {"codename": "change_session", "name": "Can change session", "content_type": 5}}, {"pk": 15, "model": "auth.permission", "fields": {"codename": "delete_session", "name": "Can delete session", "content_type": 5}}, {"pk": 16, "model": "auth.permission", "fields": {"codename": "add_site", "name": "Can add site", "content_type": 6}}, {"pk": 17, "model": "auth.permission", "fields": {"codename": "change_site", "name": "Can change site", "content_type": 6}}, {"pk": 18, "model": "auth.permission", "fields": {"codename": "delete_site", "name": "Can delete site", "content_type": 6}}, {"pk": 19, "model": "auth.permission", "fields": {"codename": "add_logentry", "name": "Can add log entry", "content_type": 7}}, {"pk": 20, "model": "auth.permission", "fields": {"codename": "change_logentry", "name": "Can change log entry", "content_type": 7}}, {"pk": 21, "model": "auth.permission", "fields": {"codename": "delete_logentry", "name": "Can delete log entry", "content_type": 7}}, {"pk": 22, "model": "auth.permission", "fields": {"codename": "add_address", "name": "Can add Adresse", "content_type": 8}}, {"pk": 23, "model": "auth.permission", "fields": {"codename": "change_address", "name": "Can change Adresse", "content_type": 8}}, {"pk": 24, "model": "auth.permission", "fields": {"codename": "delete_address", "name": "Can delete Adresse", "content_type": 8}}, {"pk": 25, "model": "auth.permission", "fields": {"codename": "add_category", "name": "Can add Category", "content_type": 9}}, {"pk": 26, "model": "auth.permission", "fields": {"codename": "change_category", "name": "Can change Category", "content_type": 9}}, {"pk": 27, "model": "auth.permission", "fields": {"codename": "delete_category", "name": "Can delete Category", "content_type": 9}}, {"pk": 28, "model": "auth.permission", "fields": {"codename": "add_contacttype", "name": "Can add contact type", "content_type": 10}}, {"pk": 29, "model": "auth.permission", "fields": {"codename": "change_contacttype", "name": "Can change contact type", "content_type": 10}}, {"pk": 30, "model": "auth.permission", "fields": {"codename": "delete_contacttype", "name": "Can delete contact type", "content_type": 10}}, {"pk": 31, "model": "auth.permission", "fields": {"codename": "add_contactdata", "name": "Can add Contact Data", "content_type": 11}}, {"pk": 32, "model": "auth.permission", "fields": {"codename": "change_contactdata", "name": "Can change Contact Data", "content_type": 11}}, {"pk": 33, "model": "auth.permission", "fields": {"codename": "delete_contactdata", "name": "Can delete Contact Data", "content_type": 11}}, {"pk": 34, "model": "auth.permission", "fields": {"codename": "add_contactdatafulltext", "name": "Can add contact data fulltext", "content_type": 12}}, {"pk": 35, "model": "auth.permission", "fields": {"codename": "change_contactdatafulltext", "name": "Can change contact data fulltext", "content_type": 12}}, {"pk": 36, "model": "auth.permission", "fields": {"codename": "delete_contactdatafulltext", "name": "Can delete contact data fulltext", "content_type": 12}}, {"pk": 37, "model": "auth.permission", "fields": {"codename": "add_image", "name": "Can add Image", "content_type": 13}}, {"pk": 38, "model": "auth.permission", "fields": {"codename": "change_image", "name": "Can change Image", "content_type": 13}}, {"pk": 39, "model": "auth.permission", "fields": {"codename": "delete_image", "name": "Can delete Image", "content_type": 13}}, {"pk": 40, "model": "auth.permission", "fields": {"codename": "add_menu", "name": "Can add Menu", "content_type": 14}}, {"pk": 41, "model": "auth.permission", "fields": {"codename": "change_menu", "name": "Can change Menu", "content_type": 14}}, {"pk": 42, "model": "auth.permission", "fields": {"codename": "delete_menu", "name": "Can delete Menu", "content_type": 14}}, {"pk": 43, "model": "auth.permission", "fields": {"codename": "add_metainfos", "name": "Can add Meta Info", "content_type": 15}}, {"pk": 44, "model": "auth.permission", "fields": {"codename": "change_metainfos", "name": "Can change Meta Info", "content_type": 15}}, {"pk": 45, "model": "auth.permission", "fields": {"codename": "delete_metainfos", "name": "Can delete Meta Info", "content_type": 15}}, {"pk": 46, "model": "auth.permission", "fields": {"codename": "add_project", "name": "Can add project", "content_type": 16}}, {"pk": 47, "model": "auth.permission", "fields": {"codename": "change_project", "name": "Can change project", "content_type": 16}}, {"pk": 48, "model": "auth.permission", "fields": {"codename": "delete_project", "name": "Can delete project", "content_type": 16}}, {"pk": 49, "model": "auth.permission", "fields": {"codename": "add_projadrtyp", "name": "Can add proj adr typ", "content_type": 17}}, {"pk": 50, "model": "auth.permission", "fields": {"codename": "change_projadrtyp", "name": "Can change proj adr typ", "content_type": 17}}, {"pk": 51, "model": "auth.permission", "fields": {"codename": "delete_projadrtyp", "name": "Can delete proj adr typ", "content_type": 17}}, {"pk": 52, "model": "auth.permission", "fields": {"codename": "add_projectaddress", "name": "Can add project address", "content_type": 18}}, {"pk": 53, "model": "auth.permission", "fields": {"codename": "change_projectaddress", "name": "Can change project address", "content_type": 18}}, {"pk": 54, "model": "auth.permission", "fields": {"codename": "delete_projectaddress", "name": "Can delete project address", "content_type": 18}}, {"pk": 55, "model": "auth.permission", "fields": {"codename": "add_projdoc", "name": "Can add proj doc", "content_type": 19}}, {"pk": 56, "model": "auth.permission", "fields": {"codename": "change_projdoc", "name": "Can change proj doc", "content_type": 19}}, {"pk": 57, "model": "auth.permission", "fields": {"codename": "delete_projdoc", "name": "Can delete proj doc", "content_type": 19}}, {"pk": 58, "model": "auth.permission", "fields": {"codename": "add_projdatalayer", "name": "Can add proj data layer", "content_type": 20}}, {"pk": 59, "model": "auth.permission", "fields": {"codename": "change_projdatalayer", "name": "Can change proj data layer", "content_type": 20}}, {"pk": 60, "model": "auth.permission", "fields": {"codename": "delete_projdatalayer", "name": "Can delete proj data layer", "content_type": 20}}, {"pk": 61, "model": "auth.permission", "fields": {"codename": "add_projtask", "name": "Can add proj task", "content_type": 21}}, {"pk": 62, "model": "auth.permission", "fields": {"codename": "change_projtask", "name": "Can change proj task", "content_type": 21}}, {"pk": 63, "model": "auth.permission", "fields": {"codename": "delete_projtask", "name": "Can delete proj task", "content_type": 21}}, {"pk": 64, "model": "auth.permission", "fields": {"codename": "add_projstruct", "name": "Can add proj struct", "content_type": 22}}, {"pk": 65, "model": "auth.permission", "fields": {"codename": "change_projstruct", "name": "Can change proj struct", "content_type": 22}}, {"pk": 66, "model": "auth.permission", "fields": {"codename": "delete_projstruct", "name": "Can delete proj struct", "content_type": 22}}, {"pk": 67, "model": "auth.permission", "fields": {"codename": "add_projdata", "name": "Can add proj data", "content_type": 23}}, {"pk": 68, "model": "auth.permission", "fields": {"codename": "change_projdata", "name": "Can change proj data", "content_type": 23}}, {"pk": 69, "model": "auth.permission", "fields": {"codename": "delete_projdata", "name": "Can delete proj data", "content_type": 23}}, {"pk": 70, "model": "auth.permission", "fields": {"codename": "add_authorisestruct", "name": "Can add authorise struct", "content_type": 24}}, {"pk": 71, "model": "auth.permission", "fields": {"codename": "change_authorisestruct", "name": "Can change authorise struct", "content_type": 24}}, {"pk": 72, "model": "auth.permission", "fields": {"codename": "delete_authorisestruct", "name": "Can delete authorise struct", "content_type": 24}}, {"pk": 73, "model": "auth.permission", "fields": {"codename": "add_tasktype", "name": "Can add task type", "content_type": 25}}, {"pk": 74, "model": "auth.permission", "fields": {"codename": "change_tasktype", "name": "Can change task type", "content_type": 25}}, {"pk": 75, "model": "auth.permission", "fields": {"codename": "delete_tasktype", "name": "Can delete task type", "content_type": 25}}, {"pk": 76, "model": "auth.permission", "fields": {"codename": "add_task", "name": "Can add task", "content_type": 26}}, {"pk": 77, "model": "auth.permission", "fields": {"codename": "change_task", "name": "Can change task", "content_type": 26}}, {"pk": 78, "model": "auth.permission", "fields": {"codename": "delete_task", "name": "Can delete task", "content_type": 26}}, {"pk": 79, "model": "auth.permission", "fields": {"codename": "add_taskdoc", "name": "Can add task doc", "content_type": 27}}, {"pk": 80, "model": "auth.permission", "fields": {"codename": "change_taskdoc", "name": "Can change task doc", "content_type": 27}}, {"pk": 81, "model": "auth.permission", "fields": {"codename": "delete_taskdoc", "name": "Can delete task doc", "content_type": 27}}, {"pk": 82, "model": "auth.permission", "fields": {"codename": "add_tasktemplatefields", "name": "Can add task template fields", "content_type": 28}}, {"pk": 83, "model": "auth.permission", "fields": {"codename": "change_tasktemplatefields", "name": "Can change task template fields", "content_type": 28}}, {"pk": 84, "model": "auth.permission", "fields": {"codename": "delete_tasktemplatefields", "name": "Can delete task template fields", "content_type": 28}}, {"pk": 85, "model": "auth.permission", "fields": {"codename": "add_doctype", "name": "Can add doc type", "content_type": 29}}, {"pk": 86, "model": "auth.permission", "fields": {"codename": "change_doctype", "name": "Can change doc type", "content_type": 29}}, {"pk": 87, "model": "auth.permission", "fields": {"codename": "delete_doctype", "name": "Can delete doc type", "content_type": 29}}, {"pk": 88, "model": "auth.permission", "fields": {"codename": "add_doc", "name": "Can add doc", "content_type": 30}}, {"pk": 89, "model": "auth.permission", "fields": {"codename": "change_doc", "name": "Can change doc", "content_type": 30}}, {"pk": 90, "model": "auth.permission", "fields": {"codename": "delete_doc", "name": "Can delete doc", "content_type": 30}}, {"pk": 91, "model": "auth.permission", "fields": {"codename": "add_setting", "name": "Can add setting", "content_type": 31}}, {"pk": 92, "model": "auth.permission", "fields": {"codename": "change_setting", "name": "Can change setting", "content_type": 31}}, {"pk": 93, "model": "auth.permission", "fields": {"codename": "delete_setting", "name": "Can delete setting", "content_type": 31}}, {"pk": 1, "model": "auth.user", "fields": {"username": "oerb", "first_name": "", "last_name": "", "is_active": true, "is_superuser": true, "is_staff": true, "last_login": "2014-03-21T17:50:01.190Z", "groups": [], "user_permissions": [], "password": "pbkdf2_sha256$12000$C5qkM0jt3GSn$BIfRHyFUUKQtDrh4EeIEKe8VSdWEZUQ3DqR3CAEWLUE=", "email": "bjoern@oerb.de", "date_joined": "2014-03-19T19:05:14Z"}}, {"pk": 1, "model": "admin.logentry", "fields": {"action_flag": 1, "action_time": "2014-03-19T19:32:56.944Z", "object_repr": "Adressen", "object_id": "1", "change_message": "", "user": 1, "content_type": 14}}, {"pk": 2, "model": "admin.logentry", "fields": {"action_flag": 1, "action_time": "2014-03-19T19:33:07.311Z", "object_repr": "Aufgaben", "object_id": "2", "change_message": "", "user": 1, "content_type": 14}}, {"pk": 3, "model": "admin.logentry", "fields": {"action_flag": 1, "action_time": "2014-03-19T19:33:56.016Z", "object_repr": "Adressen | Projekt Adressen", "object_id": "3", "change_message": "", "user": 1, "content_type": 14}}, {"pk": 4, "model": "admin.logentry", "fields": {"action_flag": 1, "action_time": "2014-03-19T19:34:18.264Z", "object_repr": "Aufgaben | Projekt Tasks", "object_id": "4", "change_message": "", "user": 1, "content_type": 14}}, {"pk": 5, "model": "admin.logentry", "fields": {"action_flag": 1, "action_time": "2014-03-19T19:34:46.094Z", "object_repr": "Adressen | Neue Adresse", "object_id": "5", "change_message": "", "user": 1, "content_type": 14}}, {"pk": 6, "model": "admin.logentry", "fields": {"action_flag": 1, "action_time": "2014-03-19T19:35:04.867Z", "object_repr": "Aufgaben | Neue Aufgabe", "object_id": "6", "change_message": "", "user": 1, "content_type": 14}}, {"pk": 7, "model": "admin.logentry", "fields": {"action_flag": 1, "action_time": "2014-03-19T19:36:04.343Z", "object_repr": "065 - Mod 2014 Wohlauerstr. 32, Hilden", "object_id": "1", "change_message": "", "user": 1, "content_type": 16}}, {"pk": 8, "model": "admin.logentry", "fields": {"action_flag": 1, "action_time": "2014-03-19T19:36:14.188Z", "object_repr": "001", "object_id": "2", "change_message": "", "user": 1, "content_type": 16}}, {"pk": 9, "model": "admin.logentry", "fields": {"action_flag": 1, "action_time": "2014-03-19T19:36:52.563Z", "object_repr": "Setting object", "object_id": "1", "change_message": "", "user": 1, "content_type": 31}}, {"pk": 10, "model": "admin.logentry", "fields": {"action_flag": 2, "action_time": "2014-03-19T19:39:51.004Z", "object_repr": "Setting object", "object_id": "1", "change_message": "se_current_proj ge\u00e4ndert.", "user": 1, "content_type": 31}}, {"pk": 11, "model": "admin.logentry", "fields": {"action_flag": 1, "action_time": "2014-03-19T20:41:57.907Z", "object_repr": "Firma", "object_id": "1", "change_message": "", "user": 1, "content_type": 9}}, {"pk": 12, "model": "admin.logentry", "fields": {"action_flag": 1, "action_time": "2014-03-19T20:42:07.022Z", "object_repr": "Privat", "object_id": "2", "change_message": "", "user": 1, "content_type": 9}}, {"pk": 13, "model": "admin.logentry", "fields": {"action_flag": 1, "action_time": "2014-03-19T20:42:12.902Z", "object_repr": "Privat , Firma", "object_id": "1", "change_message": "", "user": 1, "content_type": 10}}, {"pk": 14, "model": "admin.logentry", "fields": {"action_flag": 1, "action_time": "2014-03-19T20:42:25.713Z", "object_repr": "Firma , Name", "object_id": "2", "change_message": "", "user": 1, "content_type": 10}}, {"pk": 15, "model": "admin.logentry", "fields": {"action_flag": 1, "action_time": "2014-03-19T20:42:37.045Z", "object_repr": "Firma , PLZ", "object_id": "3", "change_message": "", "user": 1, "content_type": 10}}, {"pk": 16, "model": "admin.logentry", "fields": {"action_flag": 1, "action_time": "2014-03-19T20:42:49.313Z", "object_repr": "Firma , Ort", "object_id": "4", "change_message": "", "user": 1, "content_type": 10}}, {"pk": 17, "model": "admin.logentry", "fields": {"action_flag": 1, "action_time": "2014-03-19T20:43:18.673Z", "object_repr": "Firma , Strasse", "object_id": "5", "change_message": "", "user": 1, "content_type": 10}}, {"pk": 18, "model": "admin.logentry", "fields": {"action_flag": 1, "action_time": "2014-03-19T20:43:37.381Z", "object_repr": "Firma , PLZ-Postbox", "object_id": "6", "change_message": "", "user": 1, "content_type": 10}}, {"pk": 19, "model": "admin.logentry", "fields": {"action_flag": 1, "action_time": "2014-03-19T20:50:01.788Z", "object_repr": "Firma , Fax", "object_id": "7", "change_message": "", "user": 1, "content_type": 10}}, {"pk": 20, "model": "admin.logentry", "fields": {"action_flag": 1, "action_time": "2014-03-19T20:50:14.112Z", "object_repr": "Firma , Land", "object_id": "8", "change_message": "", "user": 1, "content_type": 10}}, {"pk": 21, "model": "admin.logentry", "fields": {"action_flag": 1, "action_time": "2014-03-19T20:50:27.056Z", "object_repr": "Firma , Anrede", "object_id": "9", "change_message": "", "user": 1, "content_type": 10}}, {"pk": 22, "model": "admin.logentry", "fields": {"action_flag": 1, "action_time": "2014-03-19T20:58:39.784Z", "object_repr": "TaskTemplateFields object", "object_id": "1", "change_message": "", "user": 1, "content_type": 28}}, {"pk": 23, "model": "admin.logentry", "fields": {"action_flag": 2, "action_time": "2014-03-19T21:00:33.434Z", "object_repr": "Setting object", "object_id": "1", "change_message": "se_current_proj ge\u00e4ndert.", "user": 1, "content_type": 31}}, {"pk": 24, "model": "admin.logentry", "fields": {"action_flag": 1, "action_time": "2014-03-19T21:02:05.725Z", "object_repr": "Handwerker", "object_id": "1", "change_message": "", "user": 1, "content_type": 17}}, {"pk": 25, "model": "admin.logentry", "fields": {"action_flag": 1, "action_time": "2014-03-19T21:02:10.410Z", "object_repr": "oerb", "object_id": "1", "change_message": "", "user": 1, "content_type": 18}}, {"pk": 26, "model": "admin.logentry", "fields": {"action_flag": 1, "action_time": "2014-03-19T21:04:03.604Z", "object_repr": "Ruf den Maler", "object_id": "2", "change_message": "", "user": 1, "content_type": 18}}, {"pk": 27, "model": "admin.logentry", "fields": {"action_flag": 1, "action_time": "2014-03-19T21:05:39.679Z", "object_repr": "Le Simple", "object_id": "1", "change_message": "", "user": 1, "content_type": 24}}, {"pk": 28, "model": "admin.logentry", "fields": {"action_flag": 1, "action_time": "2014-03-19T21:07:05.093Z", "object_repr": "M\u00e4ngelr\u00fcge \u00a74", "object_id": "1", "change_message": "", "user": 1, "content_type": 25}}, {"pk": 29, "model": "admin.logentry", "fields": {"action_flag": 1, "action_time": "2014-03-19T21:07:20.103Z", "object_repr": "Anschreiben", "object_id": "2", "change_message": "", "user": 1, "content_type": 25}}, {"pk": 30, "model": "admin.logentry", "fields": {"action_flag": 2, "action_time": "2014-03-20T17:48:16.783Z", "object_repr": "Setting object", "object_id": "1", "change_message": "Keine Felder ge\u00e4ndert.", "user": 1, "content_type": 31}}, {"pk": 31, "model": "admin.logentry", "fields": {"action_flag": 1, "action_time": "2014-03-20T18:18:00.583Z", "object_repr": "test", "object_id": "1", "change_message": "", "user": 1, "content_type": 30}}, {"pk": 32, "model": "admin.logentry", "fields": {"action_flag": 2, "action_time": "2014-03-21T16:13:24.098Z", "object_repr": "oerb", "object_id": "1", "change_message": "Keine Felder ge\u00e4ndert.", "user": 1, "content_type": 3}}, {"pk": 33, "model": "admin.logentry", "fields": {"action_flag": 2, "action_time": "2014-03-21T16:31:06.326Z", "object_repr": "oerb", "object_id": "1", "change_message": "se_current_proj von setting \"Setting object\" ge\u00e4ndert.", "user": 1, "content_type": 3}}, {"pk": 34, "model": "admin.logentry", "fields": {"action_flag": 2, "action_time": "2014-03-21T16:31:28.615Z", "object_repr": "oerb", "object_id": "1", "change_message": "se_current_proj von setting \"Setting object\" ge\u00e4ndert.", "user": 1, "content_type": 3}}, {"pk": 1, "model": "tasks.authorisestruct", "fields": {"as_user2_level": null, "as_u2_name": "", "as_user1_id": 1, "as_info": "", "as_user2_id": null, "as_user4_id": null, "as_user3_id": null, "as_u3_name": "", "as_u4_name": "", "as_user1_level": 1, "as_u1_name": "i.A. Leppin", "as_user3_level": null, "as_user4_level": null, "as_name": "Le Simple"}}, {"pk": 1, "model": "tasks.task", "fields": {"ta_date": "2014-03-19T21:08:33.022Z", "ta_shorttxt": "Tapete l\u00f6st sich", "ta_warn": "2014-03-19", "ta_tasktype": 1, "ta_endtime": null, "ta_parent": null, "ta_editor": 1, "ta_longtxt": "In verschiedenen R\u00e4umen im DG l\u00f6st sich die Tapete.", "ta_priority": 1, "ta_begin": "2014-03-19", "ta_begintime": null, "ta_end": "2014-03-31", "ta_adrid_from": 1, "ta_adrid_to": 2}}, {"pk": 2, "model": "tasks.task", "fields": {"ta_date": "2014-03-19T21:21:03.396Z", "ta_shorttxt": "Auftrag", "ta_warn": "2014-03-19", "ta_tasktype": 2, "ta_endtime": null, "ta_parent": null, "ta_editor": 1, "ta_longtxt": "hiermit Beauftragen wir Ihr Angebot von gestern", "ta_priority": 1, "ta_begin": "2014-03-19", "ta_begintime": null, "ta_end": "2014-03-19", "ta_adrid_from": 1, "ta_adrid_to": 2}}, {"pk": 3, "model": "tasks.task", "fields": {"ta_date": "2014-03-19T21:22:39.186Z", "ta_shorttxt": "Auftrag 2.OG", "ta_warn": "2014-03-19", "ta_tasktype": 2, "ta_endtime": null, "ta_parent": null, "ta_editor": 1, "ta_longtxt": "hiermit Beauftragen wir Ihr Angebot \u00fcber die Arbeiten im 2.OG", "ta_priority": 1, "ta_begin": "2014-03-19", "ta_begintime": null, "ta_end": "2014-03-19", "ta_adrid_from": 1, "ta_adrid_to": 2}}, {"pk": 4, "model": "tasks.task", "fields": {"ta_date": "2014-03-20T17:51:35.561Z", "ta_shorttxt": "Farbklecks", "ta_warn": "2014-03-20", "ta_tasktype": 1, "ta_endtime": null, "ta_parent": null, "ta_editor": 1, "ta_longtxt": "Farbkleckse", "ta_priority": 1, "ta_begin": "2014-03-20", "ta_begintime": null, "ta_end": "2014-03-26", "ta_adrid_from": 3, "ta_adrid_to": 2}}, {"pk": 1, "model": "usrsettings.setting", "fields": {"se_address": null, "se_newtaskmail": false, "se_mailwarn": false, "se_user": 1, "se_current_proj": 1}}]